<?xml version="1.0" encoding="UTF-8"?>
<project-private xmlns="http://www.netbeans.org/ns/project-private/1">
    <editor-bookmarks xmlns="http://www.netbeans.org/ns/editor-bookmarks/2" lastBookmarkId="0"/>
    <open-files xmlns="http://www.netbeans.org/ns/projectui-open-files/2">
        <group>
            <file>file:/C:/Users/Padidar/Documents/NetBeansProjects/GKALA/src/errors.java</file>
            <file>file:/C:/Users/Padidar/Documents/NetBeansProjects/GKALA/src/Costumer.java</file>
            <file>file:/C:/Users/Padidar/Documents/NetBeansProjects/GKALA/src/signup.java</file>
            <file>file:/C:/Users/Padidar/Documents/NetBeansProjects/GKALA/src/sendEmail.java</file>
            <file>file:/C:/Users/Padidar/Documents/NetBeansProjects/GKALA/src/ProductListManager.java</file>
            <file>file:/C:/Users/Padidar/Documents/NetBeansProjects/GKALA/src/User.java</file>
            <file>file:/C:/Users/Padidar/Documents/NetBeansProjects/GKALA/src/conection.java</file>
            <file>file:/C:/Users/Padidar/Documents/NetBeansProjects/GKALA/src/ShoppingCart.java</file>
            <file>file:/C:/Users/Padidar/Documents/NetBeansProjects/GKALA/src/ProductListCustomer.java</file>
            <file>file:/C:/Users/Padidar/Documents/NetBeansProjects/GKALA/src/PurchaseScreen.java</file>
            <file>file:/C:/Users/Padidar/Documents/NetBeansProjects/GKALA/src/Product.java</file>
            <file>file:/C:/Users/Padidar/Documents/NetBeansProjects/GKALA/src/signin.java</file>
            <file>file:/C:/Users/Padidar/Documents/NetBeansProjects/GKALA/src/Intro.java</file>
            <file>file:/C:/Users/Padidar/Documents/NetBeansProjects/GKALA/src/ProductMod.java</file>
            <file>file:/C:/Users/Padidar/Documents/NetBeansProjects/GKALA/src/ProductCart.java</file>
            <file>file:/C:/Users/Padidar/Documents/NetBeansProjects/GKALA/src/RemoveScreen.java</file>
            <file>file:/C:/Users/Padidar/Documents/NetBeansProjects/GKALA/src/AddProduct.java</file>
            <file>file:/C:/Users/Padidar/Documents/NetBeansProjects/GKALA/src/DoNotPurchase.java</file>
            <file>file:/C:/Users/Padidar/Documents/NetBeansProjects/GKALA/src/UserInfo.java</file>
        </group>
    </open-files>
</project-private>
